name,description,occupation,main_category,instagram_talent,youtube_talent,goal,facebook,tiktok,x_twitter,linkedin,talent_card_image_url,talent_profile_image_url,club,city,prize1,prize2,prize3,prize4,prize5,main_nationality,birthdate,card_video
adkawcak,"Aaron Kawcak is an American adventurer and extreme sports enthusiast known for his diverse pursuits, including paragliding, kiteboarding, snowboarding, and cliff jumping. Originally from Craig, Colorado, he has demonstrated resilience and passion for outdoor activities. After recovering from a broken neck, Kawcak transitioned into coaching, contributing to the Steamboat Springs Winter Sports Club. His adventures have been featured in various media outlets, highlighting his commitment to living life to the fullest. Kawcak actively shares his experiences on social media platforms, inspiring others to embrace adventure and the outdoors.",Adventurer,Adventure,adkawcak,,,aaron.kawcak,,,,https://media.peaxel.me/42.png,https://media.peaxel.me/41.png,Steamboat Springs Winter Sports Club,Craig,,,,,,üá∫üá∏ United States,1988-03-24,https://media.peaxel.me/adkawcak.mp4
alex_boltasu,"Alexandru Boltasu, born in 2007, is a Romanian racing driver who began his motorsport journey in 2020 at the age of 13. Starting in the Mini category, he quickly showcased his talent and dedication. In 2021, Alex advanced to the Junior category, securing third place in two national championships. The following year, he faced the challenge of competing against senior drivers, honing his skills and racecraft. In 2023, with the support of Toka Racing, Alex clinched the national championship title, finishing first out of 30 drivers. That same year, he ventured into auto racing, participating in two races and achieving a podium finish. In 2024, Alex continued to excel, placing seventh in the Rotax Max Challenge Grand Finals, third in the Swedish National Championship, and fourth in the Romanian Open Cup KZ2 category. His rapid progression and consistent performances have established him as a promising talent in the Romanian motorsport scene.",Car racing,Motor Sports,alex_boltasu,,‚≠ê Be The Best In Car racing,,,,,https://media.peaxel.me/162.png,https://media.peaxel.me/161.png,Toka Racing,Bucharest,"National Champion, Romanian Karting Championship - 2023","7th Place, Rotax Max Challenge Grand Finals - 2024","3rd Place, Swedish National Championship - 2024","4th Place, Romanian Open Cup KZ2 - 2024","Podium Finish, Romanian Endurance Series Round 1 - 2023",üá∑üá¥ Romania,,
alisteryoong,"Alister Yoong, born in 2003, is a Malaysian racing driver following in the footsteps of his father, former Formula 1 driver Alex Yoong. He began his motorsport journey at the age of 13, later than many of his peers, but quickly demonstrated his passion and skill on the track. Alister made his single-seater debut in the Formula 4 South East Asia Championship during the 2017-2018 season, securing his first win in 2019. In 2020, he expressed ambitions to compete in Europe, aiming to win championships in Asia to build his credentials and attract sponsorships. By 2022, Alister had progressed to touring car racing, making his debut in the Super Sporting Class of the Toyota GAZOO Racing Festival and Vios Challenge Season 5. Despite being new to touring cars, he showcased his adaptability and competitiveness, aiming for top-five finishes and ultimately striving for victories. Alister's journey reflects his dedication to motorsport and his desire to carve out his own identity in the racing world.
  ",Car racing,Motor Sports,alisteryoong,,‚≠ê Be The Best In Car racing,,,,,https://media.peaxel.me/48.png,https://media.peaxel.me/47.png,Axle Sports,Kuala Lumpur,Multiple Podium Finishes in Formula 4 SEA,First Formula 4 SEA Race Win,,,,üá≤üáæ Malaysia,2003-01-10,https://media.peaxel.me/alisteryoong.mp4
aminekaiza,"Amine Kettary, known in the gaming community as 'KaiZa,' is a prominent Moroccan professional gamer and content creator specializing in FIFA. He began his gaming career as a professional FIFA player, representing Morocco in various international competitions. Transitioning to content creation, Amine has built a substantial online presence, streaming gameplay and engaging with a growing audience. He is recognized for his strategic insights and entertaining commentary, contributing significantly to the Moroccan gaming scene. Amine actively participates in national and international esports events, showcasing his skills and promoting the gaming culture in Morocco.",Gaming,Gaming,aminekaiza,AmineKaiZa,‚≠ê Be The Best In Gaming,,,,,https://media.peaxel.me/132.png,https://media.peaxel.me/131.png,MDJS E-Sport,Casablanca,Represented Morocco in FIFA eNations Cup ‚Äì 2023,Achieved Top 8 in FIFA eNations Cup ‚Äì 2023,Hosted '3ich l'game' gaming show on 2M TV ‚Äì 2020,Built a substantial following on streaming platforms ‚Äì 2024,Collaborated with prominent Moroccan artists in gaming events ‚Äì 2021,üá≤üá¶ Morocco,1992-05-04,https://media.peaxel.me/aminekeiza.mp4
amyrainbowskates,"Amy Rainbow is a British artistic roller skater and instructor known for her dynamic performances and dedication to the sport. Beginning her skating journey at the age of eight at Rollerworld in Colchester, Amy quickly developed a passion that led her to compete in the UK figure and free skating championships seven times, securing the British Champion title from 2012 to 2015. Her talent also earned her a spot on the Great Britain team, allowing her to compete internationally for two consecutive years.\n\nBeyond competitions, Amy has transitioned into a role as an instructor, offering private lessons and masterclasses to skaters of all ages and skill levels. Her teaching emphasizes the joy and freedom that skating brings, aiming to make the sport accessible to everyone. Amy's influence extends to social media, where she shares tutorials, insights, and motivational content, inspiring a global community of skaters. Currently residing in Bali, Indonesia, Amy continues to engage with the skating world through online platforms and occasional in-person events. Her commitment to the sport and its community underscores her belief in skating as a form of therapy and self-expression.
 ",Artistic Roller Skating,Performances & Arts,amyrainbowskates,,‚≠ê Be The Best In Artistic Roller Skating,,amyrainbowskates,,,https://media.peaxel.me/amyrainbowskates_card.png,https://media.peaxel.me/amyrainbowskates_talent.png,Rollerworld Colchester,Ipswich,British Artistic Roller Skating Champion - 2012,British Artistic Roller Skating Champion - 2013,British Artistic Roller Skating Champion - 2014,British Artistic Roller Skating Champion - 2015,,üá¨üáß United Kingdom,2000-10-18,https://media.peaxel.me/amyrainbowskates_video.mp4
claudialeonkitesurf,"Claudia Le√≥n Mart√≠nez, born on August 31, 2001, in Los Narejos, Murcia, Spain, is a professional kiteboarder who began her journey in the sport in 2011. Over the years, she has established herself as a formidable competitor in freestyle kiteboarding. Claudia has clinched the Junior World Champion title four times and secured a fourth-place finish in the GKA Kite World Tour freestyle category in the women's division. In 2022, she achieved a significant milestone by winning a GKA event in Saudi Arabia, marking one of the happiest moments in her career. Claudia's preferred training spots include the Taiba lagoon in Brazil, known for its extensive flat water and ideal wind conditions, and Drepano in Greece, which she discovered in 2023 and admired for its steady winds and picturesque landscapes. She also holds a special affection for her home spot, the Mar Menor in Murcia, Spain, especially during the spring season when the conditions are optimal for kiteboarding. Beyond her athletic pursuits, Claudia has a keen interest in computer development and enjoys planning new trips during her free time. Music is another passion, and she listens to various genres whenever possible. Her dedication to the sport and continuous pursuit of excellence make her a prominent figure in the kiteboarding community.",Kitesurfing,Water Sports,claudialeonkitesurf,ClaudiaLeonKiteboarding,üèÑ‚Äç‚ôÇÔ∏è Strive to become the world champion in kitesurfing and reach the top of the sport!,claudialeonkiteboarding,,,,https://media.peaxel.me/78.png,https://media.peaxel.me/77.png,Duotone Kiteboarding,Los Narejos,Junior World Champion (4 times),4th place in GKA Kite World Tour freestyle women's division,Winner of GKA event in Saudi Arabia (2022),Vice world champion (2025),,üá™üá∏ Spain,2001-08-31,https://media.peaxel.me/claudialeonkitesurf.mp4
danny_fray,"Danny Fray, born in M√ºnster, North Rhine-Westphalia, Germany, is a professional wrestler known for his imposing stature and powerhouse style. Standing at 6 feet 5 inches (195 cm) and weighing 242 pounds (110 kg), he began his wrestling career on November 28, 2021, after training at the wXw Wrestling Academy under the guidance of Robert Dreissker and The Rotation. Danny has competed primarily in Westside Xtreme Wrestling (wXw), participating in various events and matches, including singles and tag team competitions. He has faced notable opponents such as Robert Dreissker, Nick Schreier, and Tristan Archer. Danny's wrestling style is characterized by powerful moves like the Big Boot, Black Hole Slam, Samoan Drop, and Sidewalk Slam. His dedication to the sport and continuous improvement have made him a rising talent in the German wrestling scene.",Wrestling,Fight Sports,danny_fray,,‚≠ê Be The Best In Wrestling,,,danny_fray_pw,,https://media.peaxel.me/130.png,https://media.peaxel.me/129.png,wXw Wrestling Academy,M√ºnster,"Debuted in professional wrestling ‚Äì November 28, 2021","Competed in wXw We Love Wrestling #39 ‚Äì October 22, 2022","Faced Robert Dreissker at wXw Fight Forever #2 ‚Äì November 13, 2022","Participated in wXw Inner Circle 15 ‚Äì March 7, 2024","Contested for the wXw Academy Title ‚Äì October 4, 2023",üá©üá™ Germany,1985-08-19,
DarioCabanelas,"Dario Cabanelas, born in 2006, is a Swiss racing driver with Spanish and Ukrainian heritage. He began his motorsport journey in karting, achieving notable success, including a victory in the Vega Trofeo and a third-place finish in the Swiss OK Junior Championship in 2020. Transitioning to single-seaters, Dario competed in the French Formula 4 Championship, finishing 8th in 2021 and securing two podiums to place 9th in 2022. In October 2023, he debuted in the Eurocup-3 series with Saint√©loc Racing, participating in the final three rounds and consistently finishing in the top ten. Impressed by his performance, MP Motorsport signed him for the 2024 Eurocup-3 season, where he joined a competitive lineup alongside drivers like Bruno Del Pino and Emerson Fittipaldi Jr. Dario's progression through the racing ranks highlights his dedication and potential in motorsport.",Car racing,Motor Sports,DarioCabanelas,,‚≠ê Be The Best In Car racing,,,,,https://media.peaxel.me/134.png,https://media.peaxel.me/133.png,MP Motorsport,Lausanne,Vega Trofeo Winner ‚Äì 2020,3rd Place in Swiss OK Junior Championship ‚Äì 2020,8th Place in French Formula 4 Championship ‚Äì 2021,9th Place with Two Podiums in French Formula 4 Championship ‚Äì 2022,Top Ten Finishes in Eurocup-3 Debut ‚Äì October 2023,üá®üá≠ Switzerland,2006-07-21,https://media.peaxel.me/DarioCabanelas.mp4
domikiger,"Domitille Kiger is a renowned French skydiver and freefly world champion. She began skydiving at the age of 15 and quickly developed a passion for the sport. Over the years, Domitille has achieved significant milestones, including multiple world championships in freefly. She is also a motivational speaker, sharing her experiences and insights on leadership, risk management, and empowerment. In addition to her athletic achievements, Domitille co-founded zerOGravity, an indoor skydiving center in Poitiers, France, in 2020. Her dedication to the sport and her efforts to inspire others have made her a prominent figure in the skydiving community.",Skydiving,Extreme Sports,domikiger,,,,,,,https://media.peaxel.me/14.png,https://media.peaxel.me/13.png,zerOGravity,Poitiers,World Champion in Freefly,Organizer of large formation skydiving records,Co-founder of zerOGravity indoor skydiving center,French National Freefly Champion,,üá´üá∑ France,1984-12-21,https://media.peaxel.me/domikiger.mp4
dottmarcofilisetti,"Marco Filisetti, born on May 4, 1993, in Mede, Lombardy, Italy, is an Italian athlete who has transitioned from professional road cycling to motocross. During his cycling career, he competed for the Marchiol - Emisfero team in 2014, participating in various races, though he did not secure notable finishes. After his stint in cycling, Marco shifted his focus to motocross, applying his athletic skills to this high-adrenaline sport. While specific details about his motocross career are limited, his background in competitive cycling suggests a strong foundation in endurance and discipline.",Motocross,Motor Sports,dott.marcofilisetti,,üèçÔ∏è Compete in a motocross championship in the coming years and aim for top performance!,,,,,https://media.peaxel.me/118.png,https://media.peaxel.me/117.png,,Mede,Professional Road Cyclist 2014,,,,,üáÆüáπ Italy,1993-05-04,
evansantangelo,"Evan Santangelo is a passionate skydiver and content creator based in the United States. With a deep love for adventure and aerial sports, Evan has dedicated himself to capturing and sharing the exhilarating experiences of skydiving through various media platforms. He actively participates in organizing skydiving events and is known for his creative video edits that showcase the beauty and thrill of the sport. Evan's commitment to safety and community building within the skydiving world has made him a respected figure among fellow enthusiasts.",Skydiving,Extreme Sports,evansantangelo,evansantangelo,ü™Ç Produce skydiving documentaries showcasing the coolest stunts and the legends of the sport!,,,,,https://media.peaxel.me/58.png,https://media.peaxel.me/57.png,,,,,,,,üá∫üá∏ United States,1992-11-20,https://media.peaxel.me/evansantangelo.mp4
geoffrey_trailer,"Geoffrey Ostermann is a dedicated French trail and ultra runner who has made significant strides in the endurance sports community. His journey into running began after a 13-year commitment to judo, which he started at the age of five. Unfortunately, due to surgical interventions on both knees, Geoffrey had to step away from judo. Approximately a year and a half later, he found a new passion in trail running, focusing on distances ranging from 20 to 25 kilometers, as well as participating in semi-marathons. Geoffrey's disciplined training regimen includes around 10 hours of running per week, typically spread over four sessions. He places a strong emphasis on nutrition, particularly during races, to optimize his performance. Geoffrey's dedication to the sport is evident through his consistent participation in various races, including the Trail du Petit Ballon (16 km), Trail du Vieil Armand (22 km), Trail du Pays de Welches (24 km), Trail du Haut Koenigsbourg (25 km), and the Semi-Marathon de Strasbourg. His commitment to setting progressively challenging goals showcases his determination to surpass personal limits and achieve excellence in trail and ultra running.
  ",Ultra Running,Adventure,geoffrey_trailer,,‚≠ê Be The Best In Ultra Running,,,,,https://media.peaxel.me/154.png,https://media.peaxel.me/153.png,,Strasbourg,"Finisher, Trail du Petit Ballon (16 km) ","Finisher, Trail du Vieil Armand (22 km) ","Finisher, Trail du Pays de Welches (24 km)","Finisher, Trail du Haut Koenigsbourg","Finisher, Semi-Marathon de Strasbourg",üá´üá∑ France,1992-07-10,https://media.peaxel.me/geoffrey_trailer.mp4
gregorio_pugliese,"Gregorio Pugliese, born in 1999, is a professional wingfoil athlete from Livorno, Italy. He began his journey in water sports at the age of 12, starting with windsurfing. In July 2020, while working as a windsurf instructor, Gregorio was introduced to wingfoiling and quickly developed a passion for the sport. His background in windsurfing facilitated a smooth transition, allowing him to progress rapidly in wingfoiling. Gregorio made his competitive debut at the GWA Wingfoil World Tour event in Tarifa in 2020. Over the years, he has participated in various national and international competitions, showcasing his skills in both Surf-Freestyle and Surf-Slalom disciplines. In 2021, he secured second place in the Race category at the Italian Championship. By the end of 2022, Gregorio achieved a ninth-place ranking in the overall standings of the GWA Wingfoil World Tour, competing in both Race and Freestyle categories. In February 2024, he joined the Ozone team, aligning with a brand known for its innovation and commitment to sustainability. Gregorio continues to push the boundaries of wingfoiling, aiming for podium finishes in upcoming competitions and contributing to the sport's evolution.
  ",Wingfoil,Water Sports,gregorio_pugliese_,gregoriopugliesewing,‚≠ê Be The Best In Wingfoil,,,,,https://media.peaxel.me/152.png,https://media.peaxel.me/151.png,Ozone Team,Livorno,Second place in Race category at Italian Championship - 2021,Ninth place in overall standings of GWA Wingfoil World Tour - 2022,PRIZE_SPECIAL_KALPAK,,,üáÆüáπ Italy,1999-10-27,https://media.peaxel.me/gregorio_pugliese.mp4
jakexbarry,"Jake Barry is an accomplished Irish gymnast specializing in Men's Artistic Gymnastics. He has represented Ireland in various international competitions, including the 18th Austrian Future Cup held in Linz, Austria, on November 17-18, 2023. Jake is a member of the Douglas Gymnastics Club and has been selected for the Gymnastics Ireland Men's Artistic National Squad for the 2024-2025 season. His dedication to the sport is evident through his consistent participation in national and international events, showcasing his skills and contributing to the growth of gymnastics in Ireland.",Gymnastics,Olympic Sports,jakexbarry,,ü§∏ Put world championships in sight,,,,,https://media.peaxel.me/50.png,https://media.peaxel.me/49.png,Douglas Gymnastics Club,Cork,All Ireland Gold Medal in 2023,Selection to Gymnastics Ireland Men's Artistic National Squad in 2024,Participation in 18th Austrian Future Cup in 2023,,,üáÆüá™ Ireland,2006-06-28,https://media.peaxel.me/jakexbarry.mp4
jamie_overbeek,"Jamie Overbeek, born in the Netherlands, is a professional kiteboarder specializing in Big Air and Hydrofoil disciplines. He began his journey with kites at the age of six, influenced by his father, and transitioned to kiteboarding at nine. Jamie quickly became known for his record-breaking jumps and daring tricks. At 14, he set a national record with a 31.4-meter jump and later achieved a 35.3-meter jump, marking one of the highest recorded in the sport. In 2022, at just 16, Jamie secured second place in his first Red Bull King of the Air competition, becoming the youngest athlete to podium at this prestigious event. His relentless drive and passion for kiteboarding have made him a prominent figure in the sport.
  ",Kiteboarding,Water Sports,jamie_overbeek,,"üèÑ‚Äç‚ôÇÔ∏è Win Red Bull King of the Air (KOTA), held yearly in Cape Town, and become the best in the sport.",,,,,https://media.peaxel.me/120.png,https://media.peaxel.me/119.png,F-ONE,Workum,"Second place at Red Bull King of the Air ‚Äì November 26, 2022",Vice-World Champion in Kite Foil Big Air ‚Äì 2022,Vice-World Champion in Kite Foil Big Air ‚Äì 2023,Vice-World Champion in Twin-Tip Big Air ‚Äì 2024,"Winner of the Lords of Tram ‚Äì April 17, 2024",üá≥üá± Netherlands,2005-12-23,https://media.peaxel.me/jamie_overbeek.mp4
JeremiahMartinelli,"Jeremiah Martinelli is an American basketball player and content creator known for his dedication to the sport and engaging online presence. He has shared his basketball journey through various social media platforms, including TikTok and YouTube, where he provides insights into his training routines, experiences, and personal life. Jeremiah has documented his recovery from a knee injury sustained during his time at UCLA, offering inspiration to fellow athletes facing similar challenges. His content often features training sessions, day-in-the-life vlogs, and motivational messages aimed at encouraging perseverance and hard work. Beyond his athletic pursuits, Jeremiah has collaborated with brands and engaged with a growing online community, amassing a significant following across his social media channels. His commitment to basketball and content creation continues to inspire and connect with audiences worldwide.
  ",Basketball,Team Sports,JeremiahMartinelli,JeremiahMartinelli,‚≠ê Be The Best In Basketball,,,,,https://media.peaxel.me/22.png,https://media.peaxel.me/21.png,,Los Angeles,,,,,,üá∫üá∏ United States,2002-04-15,
KubicekRacing,"Lukass Kubicek is a rally driver from the Czech Republic, known for his skillful control and competitive spirit in various rally championships. Based in the Czech motorsport scene, Lukass has consistently proven his capabilities on challenging tracks, gaining recognition in national and regional rally events. His commitment to rally racing and dedication to improving his technique have made him a respected figure in the motorsports community.""",Rally,Motor Sports,lukass.kubicek,,‚≠ê Be The Best In Rally,,,,,https://media.peaxel.me/116.png,https://media.peaxel.me/115.png,,Prague,"Winner - Czech National Rally Championship, April 2023","Top 5 Finish - Rally Bohemia, July 2022","Podium Finish - Rally Pilsen, September 2021","Second Place - Central European Rally Cup, October 2020","Participant - European Rally Championship, August 2019",üá®üáø Czech Republic,1993-07-05,https://media.peaxel.me/kubicek.mp4
liamheinzel,"Liam Heinzel is an Australian freestyle motocross (FMX) rider, stunt performer, and entrepreneur. Growing up on a cattle farm in Eugowra, New South Wales, he developed a passion for motorcycles and extreme sports. Liam is the founder of Mad Style Moto, a community and e-commerce platform dedicated to stunt riding. He has showcased his skills in various events and media, including a feature on the Lifesaurus podcast in February 2024, where he discussed his journey from 800 to 100,000 Instagram followers in one year. In addition to his FMX career, Liam is the founder of Grounded Coring, an all-terrain precision soil sampling service. In October and November 2023, he led a 10,000-kilometer expedition across the Australian outback, supporting FarmLab's National Soil Carbon Innovation Challenge program. This initiative aimed to advance carbon measurement technologies and reduce the cost of baselining a farm‚Äôs soil carbon. Liam's diverse pursuits highlight his commitment to both extreme sports and environmental sustainability.",Motorcycle FMX,Motor Sports,liamheinzel,Liamheinzel,‚≠ê Be The Best In Motorcycle FMX,LiamHeinzel,,,,https://media.peaxel.me/new_liamheinzel_card.png,https://media.peaxel.me/29.png,Mad Style Moto,Eugowra,,,,,,üá¶üá∫ Australia,2002-11-04,https://media.peaxel.me/liamheinzel.mp4
markymath,"Mark Matthews, born in 1987 in Victoria, British Columbia, is a renowned professional mountain biker known for his contributions to freeride and trail building. Growing up on Vancouver Island, Mark developed a passion for mountain biking at a young age, leading him to transform an empty lot into the North Saanich Freeride Park in 2004. This community-driven project has since become a progressive riding facility catering to all skill levels. As a professional rider, Mark has been an ambassador for brands like Marin Bikes and Hydro Flask, showcasing his adventures and trail-building projects through captivating videos and drone footage. His dedication to the sport and community has left a lasting impact on the mountain biking scene in Canada and beyond.",Mountain Biking,Extreme Sports,markymath,markymath,üöµ‚Äç‚ôÇÔ∏è‚õ∞Ô∏è Conquer epic trails and elevate your ride to new heights,,,,,https://media.peaxel.me/60.png,https://media.peaxel.me/59.png,Marin Bikes,Victoria,Initiated the North Saanich Freeride Park project in 2004,Ambassador for Marin Bikes since 2017,Featured in 'Singletrack Mind: Meet the Biker Leaving a Legacy in Dirt' article in 2019,Produced high-energy drone footage of British Columbia trails in October 2024,Explored the largest rock slabs in British Columbia in October 2024,üá®üá¶ Canada,1987-12-11,https://media.peaxel.me/markymath.mp4
Master_Han_TV,"Master Taeyoung Han is a distinguished Taekwondo practitioner and instructor with over 30 years of experience in the martial art. He holds a 5th Dan black belt, certified by Taekwondo Canada, and has dedicated 14 years to teaching. A former Korean National Champion, Master Han has also served as a coach for the Canadian national team, leading athletes at the 2017 Junior Pan American Championships and the 2018 Senior World Taekwondo Grand Slam. Currently, he is the Head Instructor at Master Myung's Taekwondo Academy in Markham, Ontario, where he imparts his extensive knowledge and passion for Taekwondo to students of all ages.",Taekwondo,Fight Sports,Master_Han_TV,,"ü•ã Train athletes for 2032 Olympics, aiming for success",,,,,https://media.peaxel.me/40.png,https://media.peaxel.me/39.png,Master Myung's Taekwondo Academy,Markham,Former Korean National Champion,2017 Junior Pan American Championships Canada Team Coach,2018 Senior World Taekwondo Grand Slam Canada Team Coach,,,üá∞üá∑ South Korea,,https://media.peaxel.me/master_han_tv.mp4
melnyk_tetyana__,"Tetyana Yuriivna Melnyk, born in Oleksandrivka, Ukraine, is a distinguished Ukrainian track and field athlete specializing in the 400 meters and 400 meters hurdles. Standing at 1.85 meters and weighing 63 kilograms, Melnyk has represented Ukraine in multiple international competitions, including the 2016, 2020, and 2024 Summer Olympics. She achieved a personal best of 51.92 seconds in the 400 meters in 2016 and 57.40 seconds in the 400 meters hurdles the same year. Melnyk's career highlights include a bronze medal in the 4√ó400 meters relay at the 2017 European Indoor Championships and a gold medal in the same event at the 2019 Universiade in Naples. She has consistently demonstrated exceptional athleticism and dedication, contributing significantly to Ukraine's presence in international track and field events.",Track and Field,Olympic Sports,melnyk_tetyana__,,‚≠ê Be The Best In Track and Field,,,,,https://media.peaxel.me/174.png,https://media.peaxel.me/173.png,,,"Bronze Medal ‚Äì 4√ó400m Relay, European Indoor Championships, March 5, 2017","Gold Medal ‚Äì 4√ó400m Relay, Universiade, July 13, 2019","5th Place ‚Äì 4√ó400m Relay, Olympic Games, August 20, 2016","6th Place ‚Äì 4√ó400m Relay, World Championships, October 5, 2019","4th Place ‚Äì 4√ó400m Relay, World Indoor Championships, March 4, 2018",üá∫üá¶ Ukraine,,https://media.peaxel.me/melnyktetiana.mp4
meyerkevin,"Kevin Meyer is a French mountain biker known for his dynamic presence in the mountain biking community. He has showcased his skills in various events, including a notable performance at the Brumath Bike Festival on October 6, 2024, where he delivered an impressive BMX show. Kevin actively shares his biking experiences and stunts on social media platforms, engaging with a broad audience. His participation in events like the DH Urbaine Grenoble highlights his commitment to the sport and his ability to perform complex maneuvers, such as backflips, in urban downhill settings. Kevin's dedication to mountain biking is evident through his consistent involvement in festivals and competitions across France."",
",Mountain Biking,Extreme Sports,kevin_meyer,,‚≠ê Be The Best In Mountain Biking,,meyerkevin,,,https://media.peaxel.me/16.png,https://media.peaxel.me/15.png,,,"Featured Performer at Brumath Bike Festival - October 6, 2024","Participant in DH Urbaine Grenoble, France - May 29, 2024",Active Contributor to Mountain Biking Community Events,,,üá´üá∑ France,1991-04-05,https://media.peaxel.me/kevinmeyer.mp4
okanapk,"Jes√∫s Oca√±a is a dedicated parkour athlete from Spain, known for his agility and speed in navigating complex urban environments. He has competed in various national competitions, showcasing his skills in both speed and freestyle disciplines. Notably, Jes√∫s secured second place in the speed category at the Parkour Spain Series held in Madrid in October 2022, completing the course in 28.45 seconds. His commitment to the sport is evident through his active participation in events and his continuous pursuit of excellence in parkour.",Parkour,Extreme Sports,okanapk,,‚≠ê Be The Best In Parkour,,,,,https://media.peaxel.me/80.png,https://media.peaxel.me/79.png,,,Silver Medalist in Speed Category in 2022,Parkour Spain Series in 2022,,,SUPERSYNCH,üá™üá∏ Spain,1997-10-26,https://media.peaxel.me/okanapk.mp4
olg1289,"Olga Kartashova is a highly skilled aerial gymnast known for her extraordinary talent and artistry in aerial sports. Hailing from Russia, she has made a name for herself in the world of aerial silks, aerial hoop, and other aerial disciplines. Olga's background in gymnastics and dance seamlessly blends into her aerial performances, allowing her to captivate audiences with her strength, flexibility, and fluid movements.

Olga Kartashova began training at a young age and quickly developed a passion for aerial arts, impressing coaches and mentors with her dedication and natural ability. Over the years, she honed her skills through intensive training and competing in various international competitions, where she earned recognition for her innovative routines and breathtaking performances.

Her style is characterized by a combination of grace, strength, and technical precision. Olga is known for pushing the boundaries of aerial gymnastics, often incorporating unique elements into her routines that challenge traditional aerial forms. Her performances are celebrated for their emotional depth and storytelling, creating a powerful connection with her audience.

As a competitor and performer, Olga Kartashova continues to inspire aspiring aerial artists around the world, showcasing the beauty and athleticism of aerial gymnastics.",Aerial gymnastics,Performances & Arts,olg1289,,‚≠ê Be The Best In Aerial gymnastics,olga.kartashova,,olga_kartashova,olga-kartashova,https://media.peaxel.me/8.png,https://media.peaxel.me/9-9.png,Moscow Aerial Arts Academy,Moscow,Gold Medalist at the International Aerial Arts Festival,Best Performance Award at the Moscow Circus Festival,First Place in Aerial Silks at the European Aerial Championships,Recipient of the Russian Federation's Artist of Merit,Silver Medalist at the World Aerial Gymnastics Competition,üá∑üá∫ Russia,1994-07-22,https://media.peaxel.me/olg1289.mp4
owentangavelou,"Owen Tangavelou, born on March 4, 2005, in Clamart, France, is a French-Vietnamese racing driver who began his motorsport career at the age of 14. He debuted in the French F4 Championship in 2020, finishing 12th overall. In 2021, he improved to fifth place, securing two podiums and two fastest laps. In 2022, Tangavelou competed in the Formula Regional Asian Championship with Hitech Grand Prix and later joined G4 Racing for the Formula Regional European Championship (FREC), finishing 20th in the standings. The following year, he raced for Trident in FREC, achieving two top-five finishes and ending the season 14th overall. In 2024, Tangavelou joined MP Motorsport to compete in the Eurocup-3 series, aiming to leverage his experience and continue his progression in single-seater racing.",Car racing,Motor Sports,nguyen_owen_tangavelou,,‚≠ê Be The Best In Car racing,,,,,https://media.peaxel.me/72.png,https://media.peaxel.me/71.png,MP Motorsport,,4th place in French F4 Championship - 2021,Podium finish in French F4 Championship - 2021,Fastest lap in French F4 Championship - 2021,Top-five finish in Formula Regional European Championship - 2023,Rookie podium in Formula Regional Asian Championship - 2022,üáªüá≥ Vietnam,2005-03-04,
Raulo_garcia,"Raul Garcia is a renowned big wave surfer from Argentina, known for his fearless approach to conquering massive waves. Over the years, Raul has gained respect in the global surfing community for his skill, resilience, and ability to tackle some of the most challenging waves worldwide. Based in Argentina, he frequently travels to famous big wave locations, pushing the limits of big wave surfing and inspiring others with his dedication and passion for the sport.",Big Wave Surfing,Water Sports,Raulo_garcia,,‚≠ê Be The Best In Big Wave Surfing,,,,,https://media.peaxel.me/114.png,https://media.peaxel.me/113.png,Argentina Big Wave Surf Team,Buenos Aires,"Top 5 Finish - Big Wave Surfing Championship, Hawaii - December 2022","Participant - World Surf League Big Wave Tour, Mexico - August 2022",Winner - Argentina National Big Wave Championship - April 2021,"Third Place - South American Big Wave Challenge, Brazil - June 2019","Finalist - Big Wave Invitational, Chile - October 2018",üá¶üá∑ Argentina,1990-03-28,https://media.peaxel.me/raulo_garcia.mp4
roni_balbul,"Roni Balbul is an Israeli kiteboarder recognized for her dynamic presence in the kitesurfing community. She has been featured in various kitesurfing videos, showcasing her skills and passion for the sport. Notably, Roni has collaborated with 'The Kite Shots' on TikTok, where she is highlighted as a smooth rider taking on the waves. Additionally, she has been welcomed to the Vantage rider team, further cementing her status in the kitesurfing world.",Kiteboarding,Water Sports,ronibalbul,,‚≠ê Be The Best In Kiteboarding,,,,,https://media.peaxel.me/6.png,https://media.peaxel.me/5.png,,,,,,,,üáÆüá± Israel,1998-05-06,https://media.peaxel.me/ronibalbul.mp4
Sahlibilal,"Bilal Sahli, known as 'Shuriken' in the parkour community, is a prominent Moroccan parkour athlete hailing from Kenitra. He began his journey in 2005 after being inspired by videos of David Belle, the founder of parkour. Initially training solo, Bilal's passion led him to connect with like-minded individuals, resulting in the formation of 'Helala Parkour' in 2007. His dedication to the sport is evident through his participation in various national competitions, securing notable placements. In 2015, Bilal co-founded 'UP Movement,' a team that became the first Moroccan group sponsored by the World Freerunning Parkour Federation (WFPF). His achievements include being the first Arab athlete to surpass the initial stage of 'Ninja Warrior Arabia' in 2017, setting a remarkable record. Beyond his athletic pursuits, Bilal contributes to the parkour community as the head of the Parkour committee and technical director of the F√©d√©ration Royale Marocaine de Skate, Roller, Trottinette et Sports Urbains (FRMSU).",Parkour,Extreme Sports,Sahlibilal,,‚≠ê Be The Best In Parkour,Bilalsahlii,,,,https://media.peaxel.me/84.png,https://media.peaxel.me/83.png,UP Movement,Kenitra,"Silver Medal at the World Urban Sports Championship in Manila, Philippines - August 2022
   ",First Arab athlete to pass the initial stage of 'Ninja Warrior Arabia' - 2017,"Second Place at the Morocco Parkour Day Championship in Meknes, Morocco - September 2017","Third Place at the National Parkour Competition in Meknes, Morocco - 2013","First Place at the National Parkour Competition in Kenitra, Morocco - 2010",üá≤üá¶ Morocco,1992-01-18,https://media.peaxel.me/sahlibilal.mp4
shahmalarani,"Shahmalarani Chandran is a distinguished Malaysian karateka who has made significant contributions to the sport both nationally and internationally. Beginning her karate journey at the age of 12, she quickly ascended the ranks, showcasing exceptional talent and dedication. Shahmalarani is an eight-time national champion and has secured two gold medals at the Southeast Asian (SEA) Games. Notably, she became the first Malaysian athlete to win consecutive gold medals at the World Karate Federation (WKF) Karate 1 Series A championships. Beyond her athletic achievements, Shahmalarani is an actuarial science graduate and is pursuing her Master's degree. She is also an aspiring teacher, having dedicated over seven years to teaching, aiming to inspire and educate future generations. Her journey exemplifies the harmonious balance between academic pursuits and athletic excellence, serving as an inspiration to many.",Karate,Fight Sports,shahmalarani,,‚≠ê Be The Best In Karate,,,,,https://media.peaxel.me/46.png,https://media.peaxel.me/45.png,,Klang,"Gold Medal, SEA Games, Women's Kumite -50kg, May 6, 2023","Gold Medal, WKF Karate 1 Series A Championship, Larnaca, Cyprus, March 2023","Gold Medal, SEA Games, Women's Kumite -50kg, 2022","Bintang Kecemerlangan Sukan (BKS) Award, December 12, 2022","Silver Medal, ASEAN Karate Games (AKF), 2016",üá≤üáæ Malaysia,1998-12-12,https://media.peaxel.me/shahmalarani.mp4
shauna_okeeffe_boxer,"Shauna Browne, also known as Shauna O'Keeffe, is an accomplished Irish boxer hailing from Clonmel, Ireland. She began her boxing journey at the age of 14 and has since developed into a formidable athlete in the sport. In January 2023, Shauna secured the National Elite Championship title in the 63kg weight category, defeating Winnie Christina McDonagh with a unanimous 5-0 decision. This victory marked her first National Elite title since 2015, highlighting her resilience and dedication to boxing. Transitioning to the professional arena, Shauna made her pro debut on December 23, 2023, at York Hall in Bethnal Green, where she achieved a victory over Vaida Masiokaite. She continued her professional career with wins against Angelika Oles on March 24, 2024, at the Salthill Leisureland Complex in Galway, and Valgerdur Gudsteinsdottir on September 24, 2024, at the 3Arena in Dublin. As of November 2024, Shauna holds an undefeated professional record of 3-0, with two wins by knockout. Her southpaw stance and strategic approach in the ring have made her a prominent figure in Irish boxing, inspiring many aspiring athletes.
 ",Boxing,Fight Sports,shauna_browne_boxer,,‚≠ê Be The Best In Boxing,,,,,https://media.peaxel.me/20.png,https://media.peaxel.me/19.png,Clonmel Boxing Club,Clonmel,"National Elite Championship 63kg Winner - January 21, 2023","Professional Debut Victory over Vaida Masiokaite - December 23, 2023","Victory over Angelika Oles - March 24, 2024","Victory over Valgerdur Gudsteinsdottir - September 24, 2024","Undefeated Professional Record: 3 Wins, 0 Losses (2 KOs) as of November 2024",üáÆüá™ Ireland,1994-06-21,https://media.peaxel.me/shauna94.mp4
snizhanababaieva,"Snizhana Babaieva is a distinguished professional arm wrestler known for her exceptional strength and technique in the sport. Competing in the 50 kg weight category, she has achieved significant success on the international stage. Notably, Snizhana secured the second place in the left-hand finals at the European Armwrestling Championship 2024, held in Paris. Her dedication to arm wrestling is evident through her consistent participation in major tournaments, where she has demonstrated remarkable resilience and skill. Snizhana's commitment to excellence continues to inspire many within the arm wrestling community.",Arm Wrestling,Strength Sports,snizhanababaieva,,‚≠ê Be The Best In Arm Wrestling,,,,,https://media.peaxel.me/158.png,https://media.peaxel.me/157.png,,Zurich,"Silver Medalist, European Armwrestling Championship (Left Hand, 50 kg) 2024","Gold Medalist, Zloty Tur Armwrestling World Cup (Left Hand, 52 kg) 2018","Bronze Medalist, WAF World Armwrestling Championships (Left Hand, 50 kg) 2022","Gold Medalist, European Armwrestling Championships (Left Hand, 50 kg) 2009","Silver Medalist, WAF World Armwrestling Championships (Left Hand, 50 kg) 2010",üá®üá≠ Switzerland,1988-03-27,https://media.peaxel.me/snizhanababaieva.mp4
so_tanaka,"So Tanaka is a Japanese downhill skateboarder renowned for his exceptional freeriding skills and ambidextrous style. Originally from Japan, he has spent significant time in Australia and Canada, contributing to his diverse skateboarding techniques. Tanaka began his journey with a Landyachtz Dinghy, pursuing the thrill of sliding, and has since evolved into one of the world's most talented freeriders. He is affiliated with Landyachtz, a prominent skateboard company, and has been featured in various skateboarding videos and media, showcasing his dynamic performances on challenging terrains.",Skateboarding,Extreme Sports,so_tanaka_,,‚≠ê Be The Best In Skateboarding,,,,,https://media.peaxel.me/28.png,https://media.peaxel.me/27.png,Landyachtz,,,,,,,üáØüáµ Japan,1997-11-01,https://media.peaxel.me/so_tanaka.mp4
Somi_romdhani,"Somi Romdhani, born on 1998, is a professional badminton player representing the United Arab Emirates (UAE). As of November 2024, he holds a world ranking of 133 in men's singles and a World Tour ranking of 259. Romdhani has accumulated 33 career wins in men's singles, showcasing his dedication and skill in the sport. In 2024, he participated in several international tournaments, including the Asia Championships and the Abu Dhabi Masters. Notably, he reached the Round of 16 at the Asia Championships, where he faced top-tier opponents. Romdhani's commitment to badminton is evident through his consistent participation in international competitions, aiming to elevate his performance and represent the UAE on the global stage.
 ",Badminton,Olympic Sports,Somi_romdhani,,‚≠ê Be The Best In Badminton,,,,,https://media.peaxel.me/38.png,https://media.peaxel.me/romdhani_profile.png,UAE Badminton Federation,Abu Dhabi,"Reached Round of 16 at the Asia Championships - April 11, 2024","Participated in the Abu Dhabi Masters - October 17, 2023","Competed in the Ruichang China Masters - March 19, 2024","Participated in the Uganda International Challenge - February 21, 2024","Competed in the Azerbaijan International - February 8, 2024",üá¶üá™ United Arab Emirates,1998-01-28,https://media.peaxel.me/somi_romdhani.mp4
tao_kreibich,"Tao Kreibich is a professional freeride skier from Austria, renowned for his dynamic and fearless approach to big mountain skiing. Based in Innsbruck, he has been a prominent figure in the freeride community, competing in the Freeride World Tour (FWT) during the 2019/20 and 2020/21 seasons. Tao's passion for skiing is evident in his pursuit of challenging lines and his commitment to pushing the boundaries of the sport. He has achieved notable success in various competitions, including first-place finishes in events such as Engadin Snow 2022 and multiple Freeride World Qualifier (FWQ) competitions. Beyond competitions, Tao shares his adventures and experiences through his YouTube channel, 'The Life of Tao,' where he documents his skiing journeys across Austria and other international destinations. His dedication to the sport and his engaging content have made him a respected and influential figure in the skiing community.
",Skiing,Winter Sports,tao_kreibich,LifeofTao,‚≠ê Be The Best In Skiing,,,,,https://media.peaxel.me/52.png,https://media.peaxel.me/51.png,Peak Performance,Innsbruck,"1st Place - Engadin Snow, 2022","1st Place - FWQ 2* Kappl, 2019","1st Place - FWQ 2* The Remarkables, 2019","1st Place - FWQ 2* Gastein, 2019","Austrian Freeride Master, 2017",üá¶üáπ Austria,1997-11-04,https://media.peaxel.me/tao_kreibich.mp4
termoosaa,"Dimitar Djuparov is a Bulgarian mountain biker known for his participation in various mountain biking events. He has been associated with the mountain biking community in Blagoevgrad, Bulgaria, and has showcased his skills in downhill and cross-country disciplines.",Mountain Biking,Extreme Sports,termoosaa,,"üöµ‚Äç‚ôÇÔ∏è Recover from serious injury, return stronger, and qualify for the World Cup final.",,,,,https://media.peaxel.me/34.png,https://media.peaxel.me/termoosa_talent.png,,Blagoevgrad,,,,,,üáßüá¨ Bulgaria,2007-12-17,https://media.peaxel.me/termoosaa.mp4
TheLithuanianSavage,"Deividas Danyla, born in Kaunas, Lithuania, is a professional Muay Thai fighter known as 'The Lithuanian Savage.' Standing at 5 feet 7 inches and competing in the 145-pound weight class, Danyla began his martial arts journey at the age of 10, training at Titanas Gym in his hometown. His dedication to Muay Thai led him to Thailand in 2015, where he immersed himself in the sport's culture and honed his skills. Danyla has competed internationally, including bouts in ONE Championship's Super Series. Notably, he faced Saemapetch Fairtex in July 2018 and Kenta Yamada in May 2019. Throughout his career, Danyla has earned titles such as the IMC Muay Thai World Champion and WKN European Champion. He continues to train and compete, representing Lithuanian martial arts on the global stage.",Muay Thai,Fight Sports,deividas.danyla,,‚≠ê Be The Best In Muay Thai,,,,,https://media.peaxel.me/44.png,https://media.peaxel.me/43.png,Sitsongpeenong Phuket Muay Thai Camp,Kaunas,,,,,,üá±üáπ Lithuania,1991-12-18,https://media.peaxel.me/lithuanian_savage.mp4
Thibaultrunning,"Thibault Delacroix, originally from France, is an ultra-distance runner and certified running coach currently residing in Adelaide, Australia. His running journey began in 2018 as a means to quit smoking, leading to a passion for long-distance running. Thibault achieved back-to-back victories at the Tassie Trail Fest 100-mile race in Tasmania, finishing in 24:52:34 in 2021 and improving to 23:23:43 in 2022. In 2023, he completed his first backyard ultra, Hysterical Carnage, further testing his endurance and mental resilience. Thibault is pursuing the TripleCrownunder Grand Master title, aiming to complete three 200-mile races in Australia within a year: the Delirious WEST 200 miler in February 2024, the Irrational SOUTH 200 miler in April 2024, and the Unreasonable EAST 200 miler in August 2024. As a UESCA-certified running coach, he shares his knowledge and experience through personalized training plans and support, helping others achieve their running goals.
  ",Ultra Running,Adventure,Thibault.running,,‚≠ê Be The Best In Ultra Running,,,,,https://media.peaxel.me/138.png,https://media.peaxel.me/137.png,,Adelaide,First Place at Tassie Trail Fest 100-mile ‚Äì July 2021,First Place at Tassie Trail Fest 100-mile ‚Äì July 2022,Completed Hysterical Carnage Backyard Ultra ‚Äì March 2023,Qualified UESCA Running Coach ‚Äì September 2021,Qualified UESCA Running Coach ‚Äì September 2021,üá´üá∑ France,1999-05-01,https://media.peaxel.me/thibault_running.mp4
tkdemelyanenko,"Oleksandr Yemelianenko is a Ukrainian taekwondo athlete known for his dedication to the sport. He actively shares his training routines and competition experiences on his Instagram account, @tkdemelyanenko. Through his social media presence, Oleksandr provides insights into his journey in taekwondo, showcasing his commitment to excellence and the discipline required in martial arts.
  ",Taekwondo,Fight Sports,tkdemelyanenko,,ü•ã Build a top taekwondo presence on Instagram and reach 1 million followers,,,,,https://media.peaxel.me/10.png,https://media.peaxel.me/9.png,,,,,,,,üá∫üá¶ Ukraine,1989-11-14,https://media.peaxel.me/tkdemel.mp4
tomic_13,"Tomic Kluzniak is an accomplished wingsuit pilot and instructor originally from Australia. He has garnered significant experience in the field, serving as a Flight Master at Indoor Wingsuit Stockholm, where he trains both novice and seasoned wingsuit pilots. Tomic has also represented Australia in international competitions, including the 4th FAI World Wingsuit Flying Championships in 2022, where he achieved notable rankings. His expertise extends to coaching roles, such as being a wingsuit load organizer for events like the Xmas Boogie at Skydive Spain. Tomic's dedication to the sport is evident through his continuous involvement in both competitive and instructional capacities.",Wingsuit,Extreme Sports,tomic_13,,"ü™Ç Push the limits of what's possible in wingsuiting, always striving for new heights and records.",,,,,https://media.peaxel.me/70.png,https://media.peaxel.me/69.png,Indoor Wingsuit Stockholm,,"4th place in the 4th FAI World Wingsuit Flying Championships - October 2022"",
   ",Flight Master at Indoor Wingsuit Stockholm,Wingsuit Load Organizer at Skydive Spain's Xmas Boogie,,,üá¶üá∫ Australia,1984-12-22,https://media.peaxel.me/tomic_13.mp4
tphilly1_,"Tumi 'God's Own' Phillips, born in Chatham, Kent, United Kingdom, is a professional welterweight boxer. Standing at 5'10\"" (178 cm), he made his professional debut on September 7, 2024, at the Brentwood Centre in Essex, securing a victory over Stefan Vincent. Phillips is managed by Leon Sudbury and fights out of Sidcup, Kent. Known for his dedication and ambition, he aims to make a significant impact in the boxing world.
  ",Boxing,Fight Sports,tphilly1_,,‚≠ê Be The Best In Boxing,,,,,https://media.peaxel.me/4.png,https://media.peaxel.me/3.png,,Sidcup,Pro Boxing Record: 1-0-0,Welterweight Division,Managed by Leon Sudbury,"Fights out of Sidcup, Kent",Debut Victory over Stefan Vincent,üá¨üáß United Kingdom,,https://media.peaxel.me/tphilly.mp4
Valerievanroon,"Valerie van Roon, born in Delft, Netherlands, is a distinguished Dutch swimmer specializing in freestyle and breaststroke events. She began her international career at the 2014 European Junior Championships, securing bronze in the 50m freestyle and the mixed freestyle relay. In 2017, at the European Short Course Championships, Valerie was part of the Dutch 4√ó50m freestyle relay team that set a world record with a time of 1:33.91. Her success continued at the 2018 FINA World Championships, where she contributed to the Dutch team's silver medals in both the women's 4√ó50m and 4√ó100m freestyle relays. In 2019, she clinched gold in the 4√ó50m freestyle relay at the European Short Course Championships. Valerie's individual prowess was highlighted at the 2022 European Aquatics Championships, where she earned a bronze medal in the 50m freestyle. In April 2024, she secured her spot for the Paris 2024 Olympics by setting a personal best of 24.62 seconds in the 50m freestyle at the Eindhoven Qualification Meeting. Valerie is recognized for her speed and consistency in sprint events, making her a key figure in Dutch swimming.
  ",Swimming,Water Sports,Valerievanroon,v4lerievanroon,üèäüèª‚Äç‚ôÄÔ∏è Road to LA 2028,,,,,https://media.peaxel.me/126.png,https://media.peaxel.me/125.png,De Dolfijn Amsterdam,Amsterdam,"Bronze Medal in 50m Freestyle at European Aquatics Championships ‚Äì August 16, 2022","Gold Medal in 4√ó50m Freestyle Relay at European Short Course Championships ‚Äì December 15, 2017","Silver Medal in 4√ó50m Freestyle Relay at FINA World Championships ‚Äì December 11, 2018","Silver Medal in 4√ó100m Freestyle Relay at FINA World Championships ‚Äì December 11, 2018","Qualified for Paris 2024 Olympics with Personal Best in 50m Freestyle ‚Äì April 14, 2024",üá≥üá± Netherlands,1998-08-13,https://media.peaxel.me/valerievanroon.mp4
victor_crouin,"Victor Crouin, born on June 16, 1999, in Marseille, France, is a professional squash player who has rapidly ascended the global rankings. He began his squash journey at a young age, showcasing exceptional talent in junior competitions. Crouin reached the finals of both the World Junior Championships and the British Junior Open, narrowly missing titles to Marwan Tarek. Balancing academics and athletics, he pursued an economics degree at Harvard University while actively competing in collegiate squash from 2018 to 2022. His dedication paid off in March 2022 when he defeated then-world number one Paul Coll at the Canary Wharf Squash Classic. This victory was a precursor to his entry into the world's top 10 rankings in September 2022, following a runner-up finish at the Qatar Classic and a triumph at the Open de France. By March 2023, Crouin achieved a career-high ranking of world number seven. Known for his strategic play and resilience on the court, he continues to be a prominent figure in international squash, representing France in various competitions.",Squash,Olympic Sports,victor_crouin,,"üèÜ Pursue the road to LA 2028, making it the ultimate mid-term and long-term goal in squash.",victorcrouin,,victorcrouin,victorcrouin,https://media.peaxel.me/v_crouin_card.png,https://media.peaxel.me/vcrouin_front.png,Open Squash,Toulon,"Champion, Open de France, September 2022","Runner-up, Qatar Classic, September 2022","Champion, Squash On Fire Open, February 2023","European Individual Champion, June 2024","French National Champion, 2023 and 2024",üá´üá∑ France,1999-06-16,https://media.peaxel.me/victor_crouin.mp4
VitorColibri,"Vitor Souza, widely recognized as 'Vitor Colibri,' is a professional skateboarder hailing from Rio de Janeiro, Brazil. Born on July 19, 1998, he began skateboarding at a young age, quickly developing a passion for the sport. Vitor is known for his technical skills and creative approach to street skateboarding, often showcasing his talent at local spots like Pra√ßa Du√≥. Over the years, he has built a substantial online presence, sharing his skateboarding journey through various social media platforms, including YouTube and TikTok. His engaging content has garnered a significant following, inspiring many aspiring skateboarders. Vitor continues to push the boundaries of his craft, participating in competitions and collaborating with fellow skaters to promote the skateboarding culture in Brazil.
 ",Skateboarding,Extreme Sports,VitorColibri,vitorcolibri,‚≠ê Be The Best In Skateboarding,,,,,https://media.peaxel.me/128.png,https://media.peaxel.me/127.png,,Rio de Janeiro,Featured in 'Conta Tua Historia' series ‚Äì October 2017,Collaborated with Blessed Agency ‚Äì 2021,Participated in 'Desafio de 1 hora de SKATE' ‚Äì April 2018,"Achieved over 100,000 followers on TikTok ‚Äì 2023",Released multiple skateboarding videos on YouTube ‚Äì 2017-2024,üáßüá∑ Brazil,1998-07-19,https://media.peaxel.me/vitorcolibri.mp4
wdancaster,"Whitney Dancaster is an accomplished American ultra runner based in St. Petersburg, Florida. With over two decades of coaching experience and certifications from NASM and USA Triathlon, she has made significant strides in the ultra-running community. Whitney has achieved notable placements in various races, including a first-place finish in the 50K category at the 2024 Keys Ultras with a time of 5:50:31. She is affiliated with the St. Pete Pro Team and has partnerships with brands such as Firefly Recovery, Newton Running, Celsius, Zensah, The Feed, Garmin, and RNNR. Her dedication to the sport is evident through her consistent performances and active engagement with the running community."",
  ",Ultra Running,Extreme Sports,wdancaster,,‚≠ê Be The Best In Ultra Running,,,,,https://media.peaxel.me/12.png,https://media.peaxel.me/11.png,St. Pete Pro Team,St Petersburg,"First Place Female, 2024 Keys Ultras 50K",Elite Ultra Runner with multiple top finishes,Certified NASM and USA Triathlon Coach,,,üá∫üá∏ United States,1988-10-06,https://media.peaxel.me/wdancaster.mp4
Willkroos,"Will Kroos, known as 'The Headline,' is a prominent British professional wrestler hailing from Worksop, Nottinghamshire. Standing at 6 feet 3 inches and weighing 275 pounds, Kroos combines the power of a heavyweight with the agility of a cruiserweight, making him a formidable presence in the ring. Since his debut in 2017, he has competed across various UK promotions, including British Wrestling Revolution, Fight Factory Wrestling, Tidal Championship Wrestling, All Star Wrestling, World Association Wrestling, World Wide Wrestling, Hope Wrestling, and House of Pain Wrestling. Kroos is recognized for his signature move, the 'Kroosification' piledriver variant, and has held multiple titles, such as the Fight Factory Wrestling Heavyweight Championship. His dynamic style and impressive skill set have established him as a standout talent in the British wrestling scene.",Wrestling,Fight Sports,Willkroos,,‚≠ê Be The Best In Wrestling,officialWillKroos,,willkroos,,https://media.peaxel.me/36.png,https://media.peaxel.me/35.png,Fight Factory Wrestling,Worksop,Fight Factory Wrestling Heavyweight Champion (2 times),,,,,üá¨üáß United Kingdom,1996-10-28,https://media.peaxel.me/willkroos.mp4
willpenny,"Will Penny is a distinguished skydiver and coach, originally from South Africa, who has made significant contributions to the sport. Growing up at the Bophuthatswana Skydiving Club, owned by his parents, he was immersed in skydiving from an early age. By 15, he was already jumping solo. In 2004, Will relocated to Empuriabrava, Spain, to pursue skydiving full-time. He became a member of the renowned Babylon Freefly team, known for its excellence in freefly skydiving. Later, he partnered with Yohann Aby to form the freestyle team Flynamik, achieving multiple world championships and World Cup victories. Beyond competition, Will is dedicated to advancing skydiving safety and education. He has been a CYPRES athlete since 2007, emphasizing the importance of understanding equipment and procedures. Additionally, he is involved in establishing The Care-All Foundation, aimed at supporting the skydiving and BASE communities in post-incident recovery.
",Skydiving,Extreme Sports,will.penny_,,‚≠ê Be The Best In Skydiving,will.penny.779,,,,https://media.peaxel.me/24.png,https://media.peaxel.me/23.png,Babylon Freefly,Empuriabrava,World Air Games Winner,Double World Cup Winner,,,,üáøüá¶ South African,1981-09-17,https://media.peaxel.me/willpenny.mp4
xaviergilbee,"Xavier Gilbee is a professional BMX rider from Montmorency, Victoria, Australia. Known for his dynamic and high-energy riding style, Xavier has competed in multiple BMX freestyle events, consistently showcasing his talent and dedication to the sport. He trains regularly and participates in both national and international competitions, highlighting his commitment and passion for BMX. Xavier's impressive performances in freestyle BMX have made him a rising figure in the extreme sports scene.",BMX,Extreme Sports,xaviergilbee,,‚≠ê Be The Best In BMX,,,,,https://media.peaxel.me/86.png,https://media.peaxel.me/85.png,RampFest Indoor Skate Park,Montmorency,"4th Place - Elite Men's Category, Freestyle BMX Nationals Championships, Melbourne, Australia - February 2024","21st Place - Men's Park Competition, UCI BMX Freestyle World Cup, Shanghai, China - October 2024","Participant - BMX Stunt Shows at Craigieburn Festival, Victoria, Australia - July 2023",,,üá¶üá∫ Australia,,https://media.peaxel.me/xaviergilbee.mp4
yanatsion,"Yana Tsion is a professional tennis player from Spain, born on September 20, 2006. She began her tennis journey at a young age, quickly ascending through the junior ranks with her dedication and skill. Tsion is known for her right-handed play and preference for clay courts, which complement her aggressive baseline style and strategic approach. Over the years, she has participated in various ITF Women's Circuit tournaments, gaining valuable experience and showcasing her potential. Tsion's commitment to the sport is evident in her continuous efforts to improve her game and compete at higher levels. As of November 2024, she continues to train and participate in tournaments, aiming to make a significant impact on the professional tennis scene.",Tennis,Olympic Sports,yanatsion,,‚≠ê Be The Best In Tennis,,,,,https://media.peaxel.me/144.png,https://media.peaxel.me/143.png,Real Club de Tenis Barcelona,Barcelona,"Reached the quarterfinals at the ITF Spain 34A, Women Singles, on October 6, 2024","Advanced to the second round at the ITF Egypt 18A, Women Singles, on October 28, 2024","Participated in the ITF Spain 43A, Women Doubles, on October 15, 2024","Competed in the ITF Spain 42A, Women Singles, on October 20, 2024","Played in the ITF Spain 44A, Women Singles, on September 9, 2024",üá™üá∏ Spain,,https://media.peaxel.me/yanatsion.mp4
alifreestylr,"Ali Yahia Ouahmed is a prominent Algerian freestyle football athlete who gained significant recognition in 2023. He clinched the title of African Freestyle Football Champion at the Freestyle Connect Africa 2023 competition held in Cairo, Egypt, on November 14, 2023. This victory qualified him to represent Africa at the World Freestyle Football Championship in Nairobi, Kenya, on November 25, 2023. The competition in Cairo featured 14 elite athletes from across the continent and was judged by renowned freestyle legends. Ali's performance showcased his exceptional skill and dedication to the art of freestyle football.",Freestyle Football,Performances & Arts,alifreestylr,,‚≠ê Be The Best In Freestyle Football,,,,,https://media.peaxel.me/alifreestylr_card.png,https://media.peaxel.me/alifreestylr_talent.png,,Sfisef,African Freestyle Football Champion - 2023,,,,,üá©üáø Algeria,1998-01-27,https://media.peaxel.me/alifreestylr_video.mp4
julien_guerin,"Julien Guerin is a French racing driver who began his motorsport journey through karting and simulator competitions. In 2023, he won the WRF Simulator Challenge organized by Wolf Racing France, which led to his first real-world test in a Wolf Thunder GB08 at the Albi circuit. Following this experience, he joined Wolf Racing France for the 2024 season, aiming to compete in the Coupe de France des Circuits. Julien is focused on gaining experience and improving his performance in the prototype racing category.",Car racing,Motor Sports,julien.guerin,julienguerinn,üèÅ Chasing the dream to become a full-time racing driver ‚Äî first mission: conquer the Coupe de France des Circuits!,,@julienjg_,,,https://media.peaxel.me/julien_guerin_card.png,https://media.peaxel.me/julien_guerin_talent.png,Wolf Racing France,Al√®s,Winner of WRF Simulator Challenge 2023,First test in Wolf Thunder GB0 2023,Joined Wolf Racing France for 2024,,,üá´üá∑ France,1999-02-02,https://media.peaxel.me/julien_guerin_video.mp4
kutluhansormagec,"Kutluhan Sormagec is a professional Muay Thai and kickboxing fighter from Turkey. Standing at 6'1\"" (185 cm), he has competed in various international events, including the Rajadamnern World Series in Bangkok and Alash-Pride FC in Kazakhstan. Despite facing tough opponents, Sormagec continues to pursue his career in combat sports, representing Turkey in the middleweight division.",Muay Thai,Fight Sports,kutluhansormagec,,"ü•ä Ready to evolve, fight harder, and rise to the next level.",,,,,https://media.peaxel.me/kutluhansormagec_card.png,https://media.peaxel.me/kutluhansormagec_talent.png,,,Alash-Pride FC: Battle in the Taraz - Bout vs. Galymzhan Kanaev - 2019,Freedom 12: Bout vs. Chaiwat Mueanphong - 2023,Rajadamnern World Series: Bout vs. Kongjak Por Pao-In 2023,,,üáπüá∑ Turkey,1998-07-16,https://media.peaxel.me/kutluhansormagec_video.mp4
nathan_txr,"Nathan Texier is a French professional kiteboarder specializing in freestyle disciplines. He has competed in national and international events, including the French Kitefoil and Freestyle Championships and the GKA Kite World Tour. Nathan is a member of the Naish Team Europe and is associated with the Ride Academy club. He resides in Poulx, Occitanie, France, and continues to pursue his career in kiteboarding.",Kiteboarding,Water Sports,nathan.txr,,"üå¨Ô∏è Aiming high ‚Äî chasing King of the Air, breaking into the world‚Äôs top 5, and becoming world champion within five years.",,,,,https://media.peaxel.me/nathan_txr_card.png,https://media.peaxel.me/nathan_txr_talent.png,Ride Academy,Poulx,3rd Place - French Freestyle Espoirs Championship - 2023,4th Place - French Freestyle Espoirs Championship - 2024,Participation - Full Power Tarifa - 2024,,,üá´üá∑ France,2006-08-22,https://media.peaxel.me/nathan_txr_video.mp4
Bulay.Dariia,"Dariia Bulay is a Ukrainian karateka specializing in kumite, competing in the +68 kg category. She has represented Ukraine in various international competitions, achieving notable success. In 2025, she secured a silver medal at the European Karate Championships in Yerevan, Armenia. Bulay has also performed well in the Karate1 Youth League events, earning medals in multiple years. She is affiliated with the Leader Karate Club in Ukraine and is a member of the Ukrainian national karate team.",Karate,Fight Sports,dasha_team_lt,,"‚≠ê Become World Champion and European Champion for several times, Olympic ChampionKarate",,,,,https://media.peaxel.me/Bulay.Dariia_card.png,https://media.peaxel.me/Bulay.Dariia_talent.png,Leader Karate Club,Chernivtsi,"Silver Medal - European Karate Championships, Women's +68 kg - 10 May 2025","Gold Medal - Karate1 Youth League Porec, Cadet Kumite Female +54 kg - 4 July 2022","Gold Medal - Karate1 Youth League Venice, Cadet Kumite Female +54 kg - 11 December 2022","Gold Medal - EKF Cadet Championships, Cadet Kumite Female +61 kg - 5 February 2023","Silver Medal - Karate1 Youth League A Coru√±a, Junior Kumite Female +66 kg - 2 May 2023",üá∫üá¶ Ukraine,2007-03-31,https://media.peaxel.me/bulay_dariia_video.mp4
Fernando_flores,"Fernando ""El Toro"" Flores is a professional mixed martial artist based in Ume√•, Sweden, originally from Santiago, Chile. Competing primarily in the featherweight division, he has fought across regional MMA promotions in Europe and amassed a record of 14 wins and 13 losses through 2025. Known for his gritty fighting style and longevity in the sport, Flores has competed in notable events such as Superior Challenge and Ice Cage Fighting, facing high-level regional opponents, including veterans and international competitors. Within the Europe Nordic MMA rankings he is recognized among pro featherweights. Beyond competing, in 2025 he took on a leadership role within the Swedish MMA community, being involved in association activities aimed at strengthening the sport. As of late 2025, he announced his final professional MMA fight at Superior Challenge 29 in Stockholm. His career reflects both resilience and commitment to mixed martial arts, with numerous fights contested under various rule sets and organizations in Scandinavia and Northern Europe.",Mixed Martial Artist,Fight Sports,Fernando_flores,,"ü•ä  Become a great fighter and to show that MMA is a sport that is about much more than just fighting, while also enjoying the journey.
",,,,,https://media.peaxel.me/fernando_torres_card.png,https://media.peaxel.me/fernando_torres_profile.png,Renyi,Ume√•,2025 ‚Äì Win vs Carlos Eduardo de Azevedo (Submission) at Superior Challenge 29,2025 ‚Äì Win vs Erick Ruano (Unanimous Decision) at Fight For Hope,2021 ‚Äì Win vs Simon Skold (Decision) at Superior Challenge 22,2017 ‚Äì Win vs Juuso Halme (Split Decision) at Carelia Fight 13,2017 ‚Äì Win vs Thomas Hytten (Decision) at Superior Challenge 15,üá®üá± Chilean,1983-11-18,https://media.peaxel.me/fernando_torres_vid.mp4
Tylian_pc,"Tylian Pachot is a French junior motor racing driver competing primarily in national circuit racing events in France. Licensed with the F√©d√©ration Fran√ßaise du Sport Automobile (FFSA) and registered under the Occitanie Pyr√©n√©es regional league, he races for the Armagnac Bigorre club. Pachot has been active in FFSA Circuit competitions, including participation in the Coupe de France des Circuits and Twin'Cup Sprint categories. Often contesting in monoplaces and other categories within the FFSA national series, his results place him as an emerging talent in national level motorsport competitions. Though still early in his career and not widely covered by international motorsport media, his presence on official FFSA results sheets confirms his participation in the 2025 racing season. Pachot continues to gain experience in competitive racing environments and is developing his motorsport portfolio with consistent event entries across circuits in France.
  ",Race Driver,Motor Sports,Tylian.pc,,"üèéÔ∏è Become a professional race driver
",,,,,https://media.peaxel.me/pxl_talent_card_tylian_pachot_2026.png,https://media.peaxel.me/pxl_talent_profile_tylian_pachot.png,Armagnac Bigorre,,"2025 ‚Äì Competed in Coupe de France des Circuits at Pau Arnos (Monoplaces), finishing classification positions listed in official results.",2025 ‚Äì Engaged in Coupe de France des Circuits at Nogaro.,2025 ‚Äì Participated in Twin'Cup Sprint events in Coupe de France des Circuits.,,,üá´üá∑ France,2007-07-16,https://media.peaxel.me/video_talents_tylian_pachot.mp4
Rusu_Yuliia,"Yuliia Rusu is a Ukrainian karate competitor specializing in female kumite in the +68 kg weight class. She has represented Ukraine in international tournaments under the World Karate Federation (WKF) system and appears in WKF official rankings for senior female kumite. Rusu has competed in Karate1 Series A and Karate1 Premier League events during the 2025 season, including competitions in Salzburg, Rabat, Cairo, and Hangzhou. Her participation at these major international circuit competitions contributes to her global sporting experience and ranking points. She also has results in youth competitions such as Karate1 Youth League events. As an active athlete on the WKF circuit, Rusu demonstrates dedication to high-level karate competition as part of the Ukrainian national team setup."",
 ",Karate,Fight Sports,yuliiarusu97,,"ü•ã Become the world champion
",,,,,https://media.peaxel.me/pxl_talent_card_rusu2_2026.png,"https://media.peaxel.me/pxl_talent_profile_rusu_yuliia_2026.png 
",,,"2025 ‚Äì Competed at Karate1 Series A Salzburg 2025, Female Kumite 68+ kg, ranking result. Ranked 5 in category. ","2025 ‚Äì Competed at Karate1 Premier League Rabat 2025, Female Kumite 68+ kg, ranking result. Ranked 6 in category. ","2025 ‚Äì Competed at Karate1 Premier League Cairo 2025, Female Kumite 68+ kg, ranking result. Ranked 6 in category.","2025 ‚Äì Competed at Karate1 Premier League Hangzhou 2025, Female Kumite 68+ kg, ranking result. Ranked 6 in category. ","2022 ‚Äì Participated in Karate1 Youth League Venice, competing in kumite for Ukraine.",üá∫üá¶ Ukraine,2005-02-04,https://media.peaxel.me/video_talents_rusu_yuliia.mp4
TheMajorBMX,"Marshall ‚ÄúMajor‚Äù Gehrke is an American BMX athlete known for both BMX racing and freestyle. Born and raised in Antioch, Illinois, he began riding BMX bikes at a very young age and quickly rose to prominence in youth BMX competitions. Marshall gained national attention with multiple wins in BMX racing, including the 10-Year-Old Cruiser title at the 2017 USA BMX Grand Nationals and later successes at various events such as Derby City and Legacy Nationals. Beyond racing, he has showcased advanced freestyle BMX skills ‚Äî including pulls such as front flips ‚Äî at events like Rumble in Richmond. Gehrke‚Äôs charismatic personality and athletic versatility also earned him appearances on national TV, including the BYUtv series \""All-Round Champion,\"" spotlighting young athletes excelling across multiple sports. In 2023, he expanded his BMX pursuits by signing with the Hyper BMX team, indicating his growth in both racing and freestyle divisions. Known to ride often and train regularly, Marshall continues to represent the BMX community as both a competitor and entertainer.
  ",BMX,Extreme Sports,TheMajorBMX,,"üö¥üèæ‚Äç‚ôÇÔ∏è Become the world champion
",,,,,https://media.peaxel.me/pxl_talent_card_marshall_gehrke_2026.png,https://media.peaxel.me/pxl_talent_profile_marshall_gehrke_2026.png,Hyper BMX Team,Antioch,"2023 ‚Äì Joined Hyper BMX freestyle team.
",2023 ‚Äì Multiple wins at Derby City Nationals and Legacy Nationals.,2020 ‚Äì Competitor on BYUtv‚Äôs ‚ÄúAll-Round Champion‚Äù showcasing BMX skills.,"2018 - Featured on TV series ‚ÄúNo Day‚Äôs Off,‚Äù highlighting his BMX riding.",Aug 2017 ‚Äì Won 10 Year Old Cruiser title at USA BMX Grand Nationals.,üá∫üá∏ United States,2006-11-27,https://media.peaxel.me/video_talents_marshall_gehrke.mp4
HayatoMiyano,"Hayato Miyano is a Japanese professional trampoline gymnast who competes internationally for Japan. He specializes in trampoline gymnastics, a discipline within artistic gymnastics that features acrobatic aerial routines performed on a trampoline. Miyano has competed in multiple FIG World Championships, representing Japan among the world‚Äôs top trampoline athletes. In 2025 at the 38th FIG Trampoline Gymnastics World Championships in Pamplona, Spain, he delivered standout performances across individual, men's synchronized, and mixed synchronized trampoline events, earning a bronze medal in the men‚Äôs individual final and silver medals in both men‚Äôs synchronized and mixed synchronized events. He trains and competes with the Kanazawa Gakuin University Club and has been part of Japan‚Äôs national team at major international competitions. Known for his high degree of difficulty routines and strong competitive results, Miyano continues to be a prominent figure in trampoline gymnastics on the world stage.
  ",Trampoline,Olympic Sports,hayatramp,,"ü§∏‚Äç‚ôÇÔ∏è Road to LA 2028 ‚Äì Olympic medal in Trampoline Gymnastics.
",,,,,https://media.peaxel.me/pxl_talent_card_hayatomiyano_2026.png,https://media.peaxel.me/pxl_talent_profile_hayatomiyano_2026.png,,,"2025 ‚Äì Bronze Medal, Men‚Äôs Individual Trampoline ‚Äì 38th FIG World Trampoline Gymnastics Championships, Pamplona (ESP)","2025 ‚Äì Silver Medal, Men‚Äôs Synchronized Trampoline (with Yusei Matsumoto) ‚Äì 38th FIG World Trampoline Gymnastics Championships, Pamplona (ESP)","2025 ‚Äì Silver Medal, Mixed Synchronized Trampoline (with Ena Sakurai) ‚Äì 38th FIG World Trampoline Gymnastics Championships, Pamplona (ESP)","2025 ‚Äì 1st place Men‚Äôs Synchro World Cup Varna (Bulgaria) ‚Äì FIG World Cup
   ","2024 ‚Äì Top 5 finish Individual Trampoline ‚Äì 52nd Nissen Cup Arosa (SUI) World Cup
  ],",üáØüáµ Japan,2002-04-25,https://media.peaxel.me/video_talents_hayatomiyano.mp4
Ampisallen,"Alexander Helander is a Swedish adaptive wakeboard rider who competes in the seated wakeboard category, a parasport discipline of wakeboarding that allows athletes with lower-body disabilities to ride in a seated position. He has represented Sweden at international cable wakeboard events under the governance of the International Waterski & Wakeboard Federation (IWWF). Alexander uses adaptive equipment and teams with advocates for active lifestyles for people with disabilities. As an adaptive athlete, he appears on social media as @ampisallen, where he shares his experiences in wakeboarding and other adaptive sports, promoting accessibility and inclusivity. Alexander has competed in European and World seated wakeboard competitions, participating in the World Cable Wakeboard & Wakeskate Championship and the Wakeboard Seated Open Men category at major IWWF events. He continues to be active within the adaptive wakeboard community and is involved in spreading awareness of adaptive sports opportunities.",Wakeboard,Water Sports,ampisallen,,"üåä 2026 Will hold many exciting events among which one is the world championship. I aim for the podium this upcoming season.
",,,,,https://media.peaxel.me/pxl_talent_card_AlexanderHelander_2026.png,https://media.peaxel.me/pxl_talent_profile_AlexanderHelander_2026.png,,,"2024 ‚Äì Competed, Open Wakeboard Seated Men ‚Äì 2024 IWWF World Championships (France) ‚Äì 6th
    ","2023 ‚Äì Competed, Open Wakeboard Seated Men ‚Äì European Championships Cablewake Choisy-le-Roi (France) ‚Äì tied 9th
    ","2022 ‚Äì Competed, Open Wakeboard Seated Men ‚Äì 2022 IWWF World Cable Wakeboard & Wakeskate Championship (Thailand) ‚Äì 5th place points 37
   ","Multiple participations in Swedish national wakeboard events (Seated categories)
    ",Recognized adaptive wakeboard athlete representing Sweden internationally,üá∏üá™ Sweden,1991-04-21,https://media.peaxel.me/video_talents_alexander_helander_ampisallen.mp4
tomwilson101,"Tom Wilson is a professional enduro mountain bike racer who competes internationally in enduro and E-MTB events. Known online as @tomwilson101, he has shared highlights from ‚ÄòWorld Cup Enduro‚Äô circuit racing, European travels with competitive squads, and his participation in major enduro races throughout 2025 and prior seasons. His focus lies in the demanding discipline of enduro mountain biking, which combines technical downhill sections with timed stages and trails that test a rider‚Äôs endurance, bike-handling, and terrain adaptation skills. Tom‚Äôs content and race recounting show involvement in varied terrain racing and enduro circuits, along with personal highlights and riding experiences across Europe. While specific championship podiums and official rankings are not listed on a central athlete database, his social presence emphasizes competitive involvement and international racing exposure in enduro mountain bike series.
  ",Mountain Biking,Extreme Sports,tomwilson101,,üö¥üèª‚Äç‚ôÄÔ∏è Have fun,,,,,https://media.peaxel.me/pxl_talent_card_tom_wilson_2_2026.png,https://media.peaxel.me/pxl_talent_profile_tom_wilson_2026.png,,,2025 ‚Äì Participated in UCI Enduro / World Cup Enduro MTB racing on European circuits,"2025 ‚Äì Recorded competitive results in E-MTB enduro events throughout Europe
   ",2024 ‚Äì Active competitor in regional enduro mountain bike races,"2023 ‚Äì Shared highlights from World Cup Enduro calendar racing
    ""
    ",Multiple seasons of enduro MTB competition,üá¨üáß United Kingdom,2000-03-22,"https://media.peaxel.me/video_talents_tom_wilson.mp4 
"
GeorgeHunt001,"George Hunt is a British BMX racer from England competing at national and international BMX racing events. Known online as @george1.1, he is a competitive BMX cyclist riding in the Superclass / Elite U23 categories with the Ice Bikes UK Factory Team. Hunt was the British U23 National Champion in 2024 and has featured on podiums in British BMX National Series events. He gained recognition as one of the top junior elite BMX racers in Great Britain, including finishing as #2 junior elite nationally and being a multiple Midlands Regional BMX elite champion. George has also competed internationally at European BMX Cup races where he raced in U23 Men‚Äôs fields. He regularly shares racing highlights, training, and season announcements on social media, including renewed seasons with his racing team. In addition to national competitions, George has traveled to international BMX events and has aspirations toward higher UCI and Olympic level competition. Known for his speed, bike handling skills, and competitive spirit, he continues to develop within BMX racing circuits.",BMX,Extreme Sports,George1.1,,"üö¥üèª‚Äç‚ôÄÔ∏è World champion, Olympic champion, European champion I want it all",,,,,https://media.peaxel.me/pxl_talent_card_george_hunt_2026.png,https://media.peaxel.me/pxl_talent_profile_george_hunt_2026.png,Ice Bikes UK Factory Team,,2024 ‚Äì British U23 National BMX Champion (Men U23 Superclass),"2024 ‚Äì Podium Finisher, British BMX National Series Round 6 (2nd place)",2023 ‚Äì #2 Junior Elite BMX Cyclist in Great Britain,2023 ‚Äì 2√ó Midlands Elite Champion,2024 ‚Äì Competed in 2024 UEC BMX European Cup (Men U23 class),üá¨üáß United Kingdom,2004-08-30,"https://media.peaxel.me/video_talents_george_hunt.mp4
"